"q_name";"january";"february";"march";"april";"may";"june";"july";"august";"september";"october";"november";"december"
"q00";0.00143939796905361;0.00143939796905361;0.00143939796905361;0.00143939796905361;0.00143939796905361;0.00143939796905361;0.00143939796905361;0.00143939796905361;0.00143939796905361;0.00143939796905361;0.00143939796905361;0.00143939796905361
"q01";0.0039733209264908;0.0039733209264908;0.0039733209264908;0.0039733209264908;0.0039733209264908;0.0039733209264908;0.0039733209264908;0.0039733209264908;0.0039733209264908;0.0039733209264908;0.0039733209264908;0.0039733209264908
"q02";0.00510848706703372;0.00510848706703372;0.00510848706703372;0.00510848706703372;0.00510848706703372;0.00510848706703372;0.00510848706703372;0.00510848706703372;0.00510848706703372;0.00510848706703372;0.00510848706703372;0.00510848706703372
"q03";0.0043032583096807;0.0043032583096807;0.0043032583096807;0.0043032583096807;0.0043032583096807;0.0043032583096807;0.0043032583096807;0.0043032583096807;0.0043032583096807;0.0043032583096807;0.0043032583096807;0.0043032583096807
"q04";0.00350315184708221;0.00350315184708221;0.00350315184708221;0.00350315184708221;0.00350315184708221;0.00350315184708221;0.00350315184708221;0.00350315184708221;0.00350315184708221;0.00350315184708221;0.00350315184708221;0.00350315184708221
"q05";0.00460167268352987;0.00460167268352987;0.00460167268352987;0.00460167268352987;0.00460167268352987;0.00460167268352987;0.00460167268352987;0.00460167268352987;0.00460167268352987;0.00460167268352987;0.00460167268352987;0.00460167268352987
"q06";0.00377589903159864;0.00377589903159864;0.00377589903159864;0.00377589903159864;0.00377589903159864;0.00377589903159864;0.00377589903159864;0.00377589903159864;0.00377589903159864;0.00377589903159864;0.00377589903159864;0.00377589903159864
