"q_name";"january";"february";"march";"april";"may";"june";"july";"august";"september";"october";"november";"december"
"q00";0.00235420443370524;0.00235420443370524;0.00235420443370524;0.00235420443370524;0.00235420443370524;0.00235420443370524;0.00235420443370524;0.00235420443370524;0.00235420443370524;0.00235420443370524;0.00235420443370524;0.00235420443370524
"q01";0.00426570479013216;0.00426570479013216;0.00426570479013216;0.00426570479013216;0.00426570479013216;0.00426570479013216;0.00426570479013216;0.00426570479013216;0.00426570479013216;0.00426570479013216;0.00426570479013216;0.00426570479013216
"q02";0.004337140132834;0.004337140132834;0.004337140132834;0.004337140132834;0.004337140132834;0.004337140132834;0.004337140132834;0.004337140132834;0.004337140132834;0.004337140132834;0.004337140132834;0.004337140132834
"q03";0.00447830528626627;0.00447830528626627;0.00447830528626627;0.00447830528626627;0.00447830528626627;0.00447830528626627;0.00447830528626627;0.00447830528626627;0.00447830528626627;0.00447830528626627;0.00447830528626627;0.00447830528626627
"q04";0.00402018318147134;0.00402018318147134;0.00402018318147134;0.00402018318147134;0.00402018318147134;0.00402018318147134;0.00402018318147134;0.00402018318147134;0.00402018318147134;0.00402018318147134;0.00402018318147134;0.00402018318147134
"q05";0.00433088541756201;0.00433088541756201;0.00433088541756201;0.00433088541756201;0.00433088541756201;0.00433088541756201;0.00433088541756201;0.00433088541756201;0.00433088541756201;0.00433088541756201;0.00433088541756201;0.00433088541756201
"q06";0.00339248227978266;0.00339248227978266;0.00339248227978266;0.00339248227978266;0.00339248227978266;0.00339248227978266;0.00339248227978266;0.00339248227978266;0.00339248227978266;0.00339248227978266;0.00339248227978266;0.00339248227978266
