"q_name";"january";"february";"march";"april";"may";"june";"july";"august";"september";"october";"november";"december"
"q00";0.00538266544515506;0.00538266544515506;0.00538266544515506;0.00538266544515506;0.00538266544515506;0.00538266544515506;0.00538266544515506;0.00538266544515506;0.00538266544515506;0.00538266544515506;0.00538266544515506;0.00538266544515506
